Workbook

Sheet 2025
A1: Auftragsbuch 2025 – Brenner Haustechnik
A2: Stand 15.10.2026
A3: Auftr.-Nr. | B3: Datum | C3: Kd-Nr | D3: Kunde | E3: Objekt / Einsatzort | F3: Art | G3: Beschreibung | H3: Monteur | I3: Status | J3: Wert netto | K3: erledigt am | L3: Rechnung
A4: A-25-001 | B4: 45660 | C4: 10097 | D4: Berger, Ramona | E4: Teplitzer Straße 163 | F4: Wartung | G4: Wartung Ölheizung | H4: DH | I4: abgerechnet | J4: 139,00 € | K4: 45666 | L4: RE-2025-0005
A5: A-25-002 | B5: 45660 | C5: 10126 | D5: Lange, Florian | E5: Königsbrücker Straße 101 | F5: Reparatur | G5: Austausch Thermostatventil | H5: JK | I5: abgerechnet | J5: 394 | K5: 45663
A6: A-25-003 | B6: 45663 | C6: 10027 | D6: Hausverwaltung Kröber | E6: Nürnberger Straße 73 | F6: Notdienst | G6: Verstopfung Grundleitung | H6: AY | I6: abgerechnet | J6: 468 | K6: 45666 | L6: RE-2025-0006
A7: A-25-004 | B7: 45663 | C7: 10050 | D7: WEG-Verwaltung Blasewitz GmbH | E7: Prießnitzstraße 111 | F7: Reparatur | G7: Zirkulationspumpe defekt | H7: MR | I7: abgerechnet | J7: ca. 910 | K7: 45664 | L7: RE-2025-0001
A8: A-25-005 | B8: 45663 | C8: 10107 | D8: Fr. Ebert | E8: Kesselsdorfer Straße 124 | F8: Badsanierung | G8: Badumbau barrierefrei | H8: MR/KS | I8: abgerechnet | J8: 19342 | K8: 45686 | L8: RE-2025-0003, RE-2025-0021
A9: A-25-006 | B9: 45665 | D9: Lange, Florian | E9: Königsbrücker Straße 101 | F9: Heizungstausch | G9: Einbau Wärmepumpe Luft/Wasser | H9: AY/KS | I9: abgerechnet | J9: 11147 | K9: 45685
A10: A-25-007 | B10: 45667 | D10: Bauer, Claudia | E10: Karcherallee 122 | F10: Heizungstausch | G10: Einbau Wärmepumpe Luft/Wasser | H10: DH | I10: abgerechnet | J10: 13686 | K10: 45685 | L10: RE-2025-0007, RE-2025-0015
A11: A-25-008 | B11: 45670 | C11: 10014 | D11: Hofmann, Klaus | E11: Borsbergstraße 22 | F11: Montage | G11: Montage Wand-WC | H11: MR | I11: storniert | J11: ca. 1070
A12: A-25-009 | B12: 45671 | C12: 10082 | D12: Städtische Wohnungsgesellschaft Freital mbH | E12: Hamburger Straße 23 | F12: Notdienst | G12: Rohrbruch Küche | H12: AY | I12: abgerechnet | J12: 271 | K12: 45672 | L12: RE-2025-0008
A13: A-25-010 | B13: 45672 | C13: 10057 | D13: Neumann, Kerstin | E13: Stauffenbergallee 92a | F13: Heizungstausch | G13: Austausch Gaskessel gegen Brennwert | H13: DH | I13: erledigt | J13: 16011 | K13: 45701
A14: A-25-011 | B14: 45677 | C14: 10013 | D14: Immobilienverwaltung Weißer Hirsch GmbH | E14: Rudolf-Leonhard-Straße 3 | F14: Wartung | G14: Jahreswartung Gastherme | H14: JK | I14: abgerechnet | J14: 139 | K14: KW 4 | L14: RE-2025-0009
A15: A-25-012 | B15: 45678 | C15: 10070 | D15: Bäckerei Hoffmann | E15: Königsbrücker Straße 56 | F15: Montage | G15: Montage Waschtisch | H15: DH | I15: abgerechnet | J15: ca. 1680 | K15: 45680 | L15: RE-2025-0013
A16: A-25-013 | B16: 45678 | C16: 10070 | D16: Bäckerei Hoffmann | E16: Königsbrücker Straße 56 | F16: Wartung | G16: Wartung Gas-Brennwertkessel | H16: DH | I16: abgerechnet | J16: 189 | K16: 45681 | L16: RE-2025-0011
A17: A-25-014 | B17: 45678 | C17: 10077 | D17: Schwarz, Ralf | E17: Görlitzer Straße 121 | F17: Heizungstausch | G17: Einbau Wärmepumpe Luft/Wasser | H17: MR/KS | I17: abgerechnet | J17: 10019 | K17: 45727 | L17: RE-2025-0012, RE-2025-0050
A18: A-25-015 | B18: 45680 | C18: 10050 | D18: WEG-Verwaltung Blasewitz | E18: Prießnitzstraße 111 | F18: Notdienst | G18: Rohrbruch Küche | H18: AY | I18: storniert
A19: A-25-016 | B19: 45680 | C19: 10114 | D19: Fr. Seidel | E19: Meißner Landstraße 51 | F19: Wartung | G19: Wartung Ölheizung | H19: JK | I19: abgerechnet | J19: 139 | K19: 45681 | L19: RE-2025-0017
A20: A-25-017 | B20: 45684 | C20: 10011 | D20: Wagner, Volker | E20: Pillnitzer Landstraße 80a | F20: Notdienst | G20: Heizungsausfall Wochenende | H20: JK | I20: abgerechnet | J20: 197 | K20: 45684 | L20: RE-2025-0014
A21: A-25-018 | B21: 45686 | C21: 10030 | D21: Autohaus Pieschen | E21: Bergstraße 11 | F21: Reparatur | G21: Druckverlust Heizung | H21: DH | I21: abgerechnet | J21: 123 | K21: 45686 | L21: RE-2025-0022
A22: A-25-019 | B22: 45687 | C22: 10050 | D22: WEG-Verwaltung Blasewitz GmbH | E22: Martin-Luther-Straße 55 | F22: Wartung | G22: Wartung Gas-Brennwertkessel | H22: AY | I22: abgerechnet | J22: 149 | K22: 45693
A23: A-25-020 | B23: 45688 | C23: 10024 | D23: Mirko Vogel | E23: Cossebauder Straße 10 | F23: Wartung | G23: Wartung Gas-Brennwertkessel | H23: AY | I23: abgerechnet | J23: 189 | K23: 45688 | L23: RE-2025-0024
A24: A-25-021 | B24: 45688 | C24: 10041 | D24: Fitnessstudio ElbeFit GmbH | E24: Bahnhofstraße 142 | F24: Wartung | G24: Wartung Wärmepumpe | H24: JK | I24: abgerechnet | J24: 149 | K24: 45694 | L24: RE-2025-0020
A25: A-25-022 | B25: 45688 | C25: 10100 | D25: Krause, Anja | E25: Prießnitzstraße 174 | F25: Montage | G25: Austausch Warmwasserspeicher | H25: MR | I25: abgerechnet | J25: ca. 1710 | K25: 45691 | L25: RE-2025-0023
D26: Summe Januar 2025 | J26: =SUBTOTAL(9,J4:J25) -> 72612
A28: A-25-023 | B28: 45691 | C28: 10023 | D28: Müller GmbH & Co. KG | E28: Großenhainer Straße 101 | F28: Wartung | G28: Wartung Ölheizung | H28: JK | I28: abgerechnet | J28: 139 | K28: 45693
A29: A-25-024 | B29: 45691 | C29: 10069 | D29: Schröder, Kerstin | E29: Tharandter Straße 103a | F29: Montage | G29: Austausch Warmwasserspeicher | H29: JK | I29: abgerechnet | J29: 1297 | K29: 45694 | L29: RE-2025-0030
A30: A-25-025 | B30: 45691 | C30: 10075 | D30: Engel, Rainer | E30: Nürnberger Straße 9 | F30: Montage | G30: Montage Waschtisch | H30: AY | I30: abgerechnet | J30: 635 | K30: 45692 | L30: RE-2025-0016
A31: A-25-026 | B31: 45691 | C31: 10109 | D31: Horn, Sandra | E31: Bergstraße 39a | F31: Heizungstausch | G31: Austausch Gaskessel gegen Brennwert | H31: MR/KS | I31: abgerechnet | J31: 13434 | K31: 45736 | L31: RE-2025-0025, RE-2025-0055
A32: A-25-027 | B32: 45692 | C32: 10005 | D32: WG Elbtal eG | E32: Harthaer Straße 7 | F32: Reparatur | G32: Heizung ohne Funktion | H32: JK | I32: abgerechnet | J32: 866 | K32: 45693 | L32: RE-2025-0019
A33: A-25-028 | B33: 45692 | C33: 10085 | D33: Fr. Horn | E33: Kesselsdorfer Straße 116 | F33: Heizungstausch | G33: Heizungsmodernisierung | H33: DH | I33: abgerechnet | J33: 15604 | K33: 45715 | L33: RE-2025-0028, RE-2025-0041
A34: A-25-029 | B34: 45698 | C34: 10030 | D34: Autohaus Pieschen GmbH | E34: Bergstraße 11 | F34: Reparatur | G34: Spülkasten läuft nach | H34: DH | I34: abgerechnet | J34: 402 | K34: KW 7 | L34: RE-2025-0027
A35: A-25-030 | B35: 45698 | D35: Neumann, Anett | E35: Rudolf-Leonhard-Straße 147 | F35: Montage | G35: Montage Wand-WC | H35: AY | I35: abgerechnet | J35: 820 | K35: 45698 | L35: RE-2025-0034
A36: A-25-031 | B36: 45698 | D36: Ebert, Anja | E36: Hamburger Straße 97 | F36: Heizungstausch | G36: Heizungsmodernisierung | H36: DH | I36: abgerechnet | J36: 13.880,00 € | K36: 45730 | L36: RE-2025-0031, RE-2025-0054
A37: A-25-032 | B37: 45699 | C37: 10014 | D37: Hofmann, Klaus | E37: Borsbergstraße 22 | F37: Wartung | G37: Wartung Wärmepumpe | H37: JK | I37: abgerechnet | J37: 139 | K37: 45705 | L37: RE-2025-0037
A38: A-25-033 | B38: 45699 | C38: 10104 | D38: Gaststätte Zur Linde | E38: Nürnberger Straße 164 | F38: Montage | G38: Einbau Enthärtungsanlage | H38: AY | I38: abgerechnet | J38: ca. 1720 | K38: KW 7 | L38: RE-2025-0033
A39: A-25-034 | B39: 45700 | C39: 10072 | D39: Kindergarten Elbspatzen e.V. | E39: Königsbrücker Straße 33b | F39: Wartung | G39: Wartung Wärmepumpe | H39: MR | I39: storniert
A40: A-25-035 | B40: 45701 | C40: 10062 | D40: Uhlig, Jörg | E40: Martin-Luther-Straße 99b | F40: Montage | G40: Montage Heizkörper | H40: JK | I40: abgerechnet | J40: 700 | K40: 45705
A41: A-25-036 | B41: 45702 | D41: Mirko Vogel | E41: Cossebauder Straße 10 | F41: Badsanierung | G41: Gäste-WC Sanierung | H41: AY/KS | I41: abgerechnet | J41: 15827 | K41: 45747 | L41: RE-2025-0032, RE-2025-0064
A42: A-25-037 | B42: 45705 | C42: 10005 | D42: WG Elbtal eG | E42: Merianplatz 9 | F42: Wartung | G42: Wartung Wärmepumpe | H42: AY | I42: abgerechnet | J42: 139,00 € | K42: 45709
A43: A-25-038 | B43: 45709 | C43: 10050 | D43: WEG-Verwaltung Blasewitz GmbH | E43: Prießnitzstraße 111 | F43: Reparatur | G43: Siphon undicht | H43: JK | I43: erledigt | J43: 1139 | K43: 45714
A44: A-25-039 | B44: 45712 | C44: 10081 | D44: Neumann, Anett | E44: Rudolf-Leonhard-Straße 147 | F44: Reparatur | G44: Siphon undicht | H44: DH | I44: abgerechnet | J44: 933 | K44: 45712
A45: A-25-040 | B45: 45713 | C45: 10036 | D45: Berger, Gerd | E45: Gartenstraße 102a | F45: Notdienst | G45: Heizungsausfall Wochenende | H45: AY | I45: storniert
A46: A-25-041 | B46: 45713 | C46: 10046 | D46: Blumen Kretschmar | E46: Rudolf-Leonhard-Straße 2 | F46: Montage | G46: Montage Wand-WC | H46: DH | I46: abgerechnet | J46: 1340 | K46: 45715 | L46: RE-2025-0040
A47: A-25-042 | B47: 45714 | D47: Hausverwaltung Kröber | E47: Stauffenbergallee 98 | F47: Notdienst | G47: Verstopfung Grundleitung | H47: Kowalski | I47: abgerechnet | J47: 490 | K47: 45715 | L47: RE-2025-0045
D48: Summe Februar 2025 | J48: =SUBTOTAL(9,J28:J47) -> 53765
A50: A-25-043 | B50: 45719 | C50: 10113 | D50: Hr. Schwarz | E50: Tolkewitzer Straße 48 | F50: Reparatur | G50: Spülkasten läuft nach | H50: JK | I50: abgerechnet | J50: 617 | K50: 45723 | L50: RE-2025-0047
A51: A-25-044 | B51: 45719 | C51: 10132 | D51: Weinstube Radebeul | E51: Bahnhofstraße 67b | F51: Wartung | G51: Wartung Ölheizung | H51: JK | I51: abgerechnet | J51: 149 | K51: 45720 | L51: RE-2025-0039
A52: A-25-045 | B52: 45721 | C52: 10027 | D52: Hausverwaltung Kröber | E52: Nürnberger Straße 73 | F52: Notdienst | G52: Rohrbruch Küche | H52: JK | I52: abgerechnet | J52: 206 | K52: 45723 | L52: RE-2025-0042
A53: A-25-046 | B53: 45721 | C53: 10050 | D53: WEG-Verwaltung Blasewitz GmbH | E53: Martin-Luther-Straße 55 | F53: Notdienst | G53: Verstopfung Grundleitung | H53: DH | I53: abgerechnet | J53: 625 | K53: 45721
A54: A-25-047 | B54: 45721 | C54: 10114 | D54: Fr. Seidel | E54: Meißner Landstraße 51 | F54: Montage | G54: Montage Wand-WC | H54: DH | I54: abgerechnet | J54: 992 | K54: 45727 | L54: RE-2025-0046
A55: A-25-048 | B55: 45726 | C55: 10094 | D55: Steuerbüro Ullrich | E55: Grundstraße 116 | F55: Wartung | G55: Wartung Ölheizung | H55: MR | I55: abgerechnet | J55: 139 | K55: 45728
A56: A-25-049 | B56: 45728 | C56: 10002 | D56: Restaurant Zum Goldenen Anker GmbH | E56: Gamigstraße 52 | F56: Notdienst | G56: Heizungsausfall Wochenende | H56: JK | I56: abgerechnet | J56: 614 | K56: 45733 | L56: RE-2025-0049
A57: A-25-050 | B57: 45728 | D57: HV Schulze u. Partner | E57: Gompitzer Höhe 4 | F57: Trinkwasser | G57: Spülung Trinkwasseranlage | H57: JK | I57: abgerechnet | J57: 429 | K57: 45734
A58: A-25-051 | B58: 45728 | D58: Müller GmbH & Co.KG | E58: Großenhainer Straße 101 | F58: Montage | G58: Austausch Warmwasserspeicher | H58: AY | I58: abgerechnet | J58: 943 | K58: 45733
A59: A-25-052 | B59: 45734 | C59: 10013 | D59: Immobilienverwaltung Weißer Hirsch GmbH | E59: Alaunstraße 95 | F59: Wartung | G59: Jahreswartung Gastherme | H59: JK | I59: abgerechnet | J59: 149 | K59: 45737
A60: A-25-053 | B60: 45734 | C60: 10082 | D60: Städtische Wohnungsgesellschaft Freital | E60: Hamburger Straße 23 | F60: Strangsanierung | G60: Strangsanierung Trinkwasser | H60: DH | I60: abgerechnet | J60: 28743 | K60: KW 14
A61: A-25-054 | B61: 45737 | C61: 10085 | D61: Horn, Yvonne | E61: Kesselsdorfer Straße 116 | F61: Heizungstausch | G61: Heizungsmodernisierung | H61: AY/KS | I61: abgerechnet | J61: 17256 | K61: 45782 | L61: RE-2025-0059, RE-2025-0089
A62: A-25-055 | B62: 45740 | C62: 10008 | D62: HV Schulze & Partner | E62: Kesselsdorfer Straße 210 | F62: Reparatur | G62: Kein Warmwasser | H62: DH | I62: abgerechnet | J62: 699 | K62: 45742 | L62: RE-2025-0056
A63: A-25-056 | B63: 45740 | C63: 10032 | D63: Grafe, Uwe | E63: Kesselsdorfer Straße 150 | F63: Reparatur | G63: Spülkasten läuft nach | H63: JK | I63: abgerechnet | J63: 907 | K63: KW 13 | L63: RE-2025-0061
A64: A-25-057 | B64: 45741 | C64: 10068 | D64: Pension Loschwitz | E64: Bautzner Straße 13a | F64: Montage | G64: Montage Wand-WC | H64: DH | I64: abgerechnet | J64: 1729 | K64: 45743 | L64: RE-2025-0058
A65: A-25-058 | B65: 45743 | D65: Gaststätte Zur Linde | E65: Nürnberger Straße 164 | F65: Reparatur | G65: Austausch Thermostatventil | H65: JK | I65: abgerechnet | J65: 876 | K65: 45749
A66: A-25-059 | B66: 45747 | C66: 10013 | D66: Immobilienverwaltung Weißer Hirsch GmbH | E66: Alaunstraße 95 | F66: Notdienst | G66: Verstopfung Grundleitung | H66: JK | I66: abgerechnet | J66: 462,00 € | K66: 45748 | L66: RE-2025-0057
A67: A-25-060 | B67: 45747 | C67: 10061 | D67: Schmidt, Peter | E67: Leipziger Straße 12 | F67: Wartung | G67: Wartung Wärmepumpe | H67: JK | I67: abgerechnet | J67: 189,00 € | K67: 45749 | L67: RE-2025-0066
D68: Summe März 2025 | J68: =SUBTOTAL(9,J50:J67) -> 55073
A70: A-25-061 | B70: 45749 | D70: Müller Bau GmbH | E70: Radeburger Straße 5 | F70: Trinkwasser | G70: Legionellenprüfung | H70: MR | I70: abgerechnet | J70: 441,00 € | K70: 45749 | L70: RE-2025-0062
A71: A-25-062 | B71: 45751 | C71: 10007 | D71: Horn, Torsten | E71: Gamigstraße 110a | F71: Wartung | G71: Wartung Gas-Brennwertkessel | H71: MR | I71: abgerechnet | J71: 189 | K71: 45756 | L71: RE-2025-0070
A72: A-25-063 | B72: 45751 | C72: 10094 | D72: Steuerbüro Ullrich | E72: Grundstraße 116 | F72: Montage | G72: Austausch Warmwasserspeicher | H72: AY | I72: abgerechnet | J72: ca. 830 | K72: 45754 | L72: RE-2025-0073
A73: A-25-064 | B73: 45754 | C73: 10002 | D73: Restaurant Zum Goldenen Anker | E73: Gamigstraße 52 | F73: Reparatur | G73: Kein Warmwasser | H73: MR | I73: abgerechnet | J73: 918,00 € | K73: 45758 | L73: RE-2025-0076
A74: A-25-065 | B74: 45754 | D74: HV Schulze u. Partner | E74: Tharandter Straße 55 | F74: Wartung | G74: Wartung Gas-Brennwertkessel | H74: MR | I74: abgerechnet | J74: 139 | K74: 45754 | L74: RE-2025-0063
A75: A-25-066 | B75: 45754 | D75: Zahnarztpraxis Dr. Lehmann | E75: Wiener Straße 33 | F75: Wartung | G75: Wartung Ölheizung | H75: JK | I75: abgerechnet | J75: 139 | K75: 45756 | L75: RE-2025-0069
A76: A-25-067 | B76: 45754 | C76: 10110 | D76: Malerbetrieb Thiele GmbH | E76: Altenberger Straße 44 | F76: Montage | G76: Einbau Enthärtungsanlage | H76: DH | I76: abgerechnet | J76: 610 | K76: 45756 | L76: RE-2025-0075
A77: A-25-068 | B77: 45755 | C77: 10008 | D77: HV Schulze & Partner | E77: Gompitzer Höhe 4 | F77: Hydr. Abgleich | G77: Hydraulischer Abgleich | H77: DH | I77: abgerechnet | J77: 1204 | K77: 45758 | L77: RE-2025-0071
A78: A-25-069 | B78: 45755 | C78: 10027 | D78: Hausverwaltung Kröber | E78: Chemnitzer Straße 45 | F78: Trinkwasser | G78: Trinkwasseruntersuchung | H78: JK | I78: abgerechnet | J78: 377 | K78: 45761 | L78: RE-2025-0072
A79: A-25-070 | B79: 45756 | C79: 10026 | D79: Kanzlei Seidel & Kollegen | E79: Görlitzer Straße 148 | F79: Reparatur | G79: Armatur tropft | H79: MR | I79: abgerechnet | J79: 99 | K79: 45761 | L79: RE-2025-0068
A80: A-25-071 | B80: 45758 | C80: 10033 | D80: Petzold, Detlef | E80: Bischofsweg 111a | F80: Wartung | G80: Jahreswartung Gastherme | H80: JK | I80: abgerechnet | J80: 189 | K80: 45763 | L80: RE-2025-0081
A81: A-25-072 | B81: 45762 | C81: 10108 | D81: Günther, Franziska | E81: Lockwitzer Straße 163b | F81: Reparatur | G81: Zirkulationspumpe defekt | H81: JK | I81: abgerechnet | J81: 1128 | K81: 45769 | L81: RE-2025-0082
A82: A-25-073 | B82: 45763 | C82: 10020 | D82: Berger, Sandra | E82: Meißner Landstraße 168 | F82: Notdienst | G82: Heizungsausfall Wochenende | H82: AY | I82: abgerechnet | J82: 468 | K82: KW 17
A83: A-25-074 | B83: 45763 | C83: 10108 | D83: Günther, Franziska | E83: Lockwitzer Straße 163b | F83: Montage | G83: Montage Waschtisch | H83: JK | I83: abgerechnet | J83: 1389 | K83: 45769 | L83: RE-2025-0080
A84: A-25-075 | B84: 45763 | D84: Frank, Franziska | E84: Stauffenbergallee 156a | F84: Reparatur | G84: Austausch Thermostatventil | H84: DH | I84: storniert | J84: 550
A85: A-25-076 | B85: 45769 | C85: 10051 | D85: Neumann, Uwe | E85: Gartenstraße 118a | F85: Reparatur | G85: Siphon undicht | H85: JK | I85: abgerechnet | J85: 115,00 € | K85: 45769 | L85: RE-2025-0074
A86: A-25-077 | B86: 45769 | C86: 10076 | D86: Hartmann, Ines | E86: Chemnitzer Straße 145 | F86: Wartung | G86: Wartung Wärmepumpe | H86: JK | I86: abgerechnet | J86: 139 | K86: 45769 | L86: RE-2025-0078
A87: A-25-078 | B87: 45769 | C87: 10094 | D87: Steuerbüro Ullrich | E87: Grundstraße 116 | F87: Reparatur | G87: Siphon undicht | H87: AY | I87: abgerechnet | J87: 218 | K87: 45771 | L87: RE-2025-0079
A88: A-25-079 | B88: 45770 | C88: 10056 | D88: Wohnungsbaugenossenschaft Johannstadt eG | E88: Leipziger Straße 20 | F88: Reparatur | G88: Druckverlust Heizung | H88: Kowalski | I88: abgerechnet | J88: 922 | K88: 45771 | L88: RE-2025-0084
A89: A-25-080 | B89: 45771 | C89: 10094 | D89: Steuerbüro Ullrich | E89: Grundstraße 116 | F89: Wartung | G89: Wartung Gas-Brennwertkessel | H89: MR | I89: abgerechnet | J89: 139 | K89: 45772 | L89: RE-2025-0083
A90: A-25-081 | B90: 45772 | C90: 10094 | D90: Steuerbüro Ullrich | E90: Grundstraße 116 | F90: Notdienst | G90: Rohrbruch Küche | H90: JK | I90: abgerechnet | J90: 396 | K90: 45776 | L90: RE-2025-0086
A91: A-25-082 | B91: 45777 | C91: 10027 | D91: Hausverwaltung Kröber | E91: Görlitzer Straße 88 | F91: Trinkwasser | G91: Trinkwasseruntersuchung | H91: JK | I91: abgerechnet | J91: 427 | K91: 45784 | L91: RE-2025-0092
A92: A-25-083 | B92: 45777 | C92: 10109 | D92: Horn, Sandra | E92: Bergstraße 39a | F92: Montage | G92: Montage Heizkörper | H92: MR | I92: abgerechnet | J92: 342 | K92: 45782
D93: Summe April 2025 | J93: =SUBTOTAL(9,J70:J92) -> 9064
A95: A-25-084 | B95: 45779 | D95: Kühn, Doreen | E95: Prohliser Allee 32b | F95: Heizungstausch | G95: Austausch Gaskessel gegen Brennwert | H95: DH | I95: abgerechnet | J95: 13898 | K95: 45831
A96: A-25-085 | B96: 45779 | C96: 10117 | D96: Sportverein Blau-Weiß Dresden e.V. | E96: Borsbergstraße 115 | F96: Reparatur | G96: Siphon undicht | H96: AY | I96: abgerechnet | J96: 344 | K96: 45782 | L96: RE-2025-0093
A97: A-25-086 | B97: 45782 | C97: 10045 | D97: Müller Bau GmbH | E97: Radeburger Straße 5 | F97: Trinkwasser | G97: Spülung Trinkwasseranlage | H97: MR | I97: abgerechnet | J97: 345 | K97: 45784 | L97: RE-2025-0095
A98: A-25-087 | B98: 45782 | C98: 10107 | D98: Fr. Ebert | E98: Kesselsdorfer Straße 124 | F98: Montage | G98: Montage Wand-WC | H98: DH | I98: abgerechnet | J98: 714 | K98: 45783
A99: A-25-088 | B99: 45782 | C99: 10117 | D99: Sportverein Blau-Weiß Dresden e.V. | E99: Borsbergstraße 115 | F99: Montage | G99: Montage Wand-WC | H99: MR | I99: abgerechnet | J99: 1556 | K99: KW 19 | L99: RE-2025-0087
A100: A-25-089 | B100: 45783 | D100: Krüger, Andreas (Dr.) | E100: Bergstraße 61 | F100: Wartung | G100: Wartung Gas-Brennwertkessel | H100: JK | I100: abgerechnet | J100: pauschal 139,- | K100: 45783 | L100: RE-2025-0088
A101: A-25-090 | B101: 45784 | C101: 10050 | D101: WEG-Verwaltung Blasewitz GmbH | E101: Chemnitzer Straße 19 | F101: Strangsanierung | G101: Strangsanierung Abwasser + TW | H101: MR/KS | I101: abgerechnet | J101: 29422 | K101: 45805 | L101: RE-2025-0091, RE-2025-0116
A102: A-25-091 | B102: 45789 | C102: 10002 | D102: Restaurant Zum Goldenen Anker GmbH | E102: Gamigstraße 52 | F102: Trinkwasser | G102: Legionellenprüfung | H102: Yılmaz | I102: abgerechnet | J102: 430 | K102: 45793 | L102: RE-2025-0101
A103: A-25-092 | B103: 45789 | D103: Praxis Dr. med. dent. Lehmann | E103: Wiener Straße 33 | F103: Trinkwasser | G103: Trinkwasseruntersuchung | H103: AY | I103: abgerechnet | J103: 424 | K103: 45792
A104: A-25-093 | B104: 45789 | D104: Bäckerei Hoffmann | E104: Königsbrücker Straße 56 | F104: Wartung | G104: Wartung Gas-Brennwertkessel | H104: JK | I104: abgerechnet | J104: 189 | K104: 45791 | L104: RE-2025-0097
...

Sheet 2026
A1: Auftragsbuch 2026 – Brenner Haustechnik
A2: Stand 15.10.2026
A3: Auftr.-Nr. | B3: Datum | C3: Kd-Nr | D3: Kunde | E3: Objekt / Einsatzort | F3: Art | G3: Beschreibung | H3: Monteur | I3: Status | J3: Wert netto | K3: erledigt am | L3: Rechnung
A4: A-26-001 | B4: 46027 | C4: 10010 | D4: Hr. Wagner | E4: Cossebauder Straße 58 | F4: Montage | G4: Montage Heizkörper | H4: AY | I4: abgerechnet | J4: 1752 | K4: 46031
A5: A-26-002 | B5: 05.01.2026 | D5: Neumann, Kerstin | E5: Stauffenbergallee 92a | F5: Wartung | G5: Jahreswartung Gastherme | H5: MR | I5: abgerechnet | J5: 139 | K5: 46028 | L5: RE-2026-0003
A6: A-26-003 | B6: 46027 | C6: 10097 | D6: Berger, Ramona | E6: Teplitzer Straße 163 | F6: Heizungstausch | G6: Heizungsmodernisierung | H6: AY/KS | I6: abgerechnet | J6: 14903 | K6: 46045
A7: A-26-004 | B7: 05.01.2026 | C7: 10101 | D7: Seniorenresidenz Am Großen Garten gGmbH | E7: Tolkewitzer Straße 125a | F7: Notdienst | G7: Verstopfung Grundleitung | H7: Kowalski | I7: abgerechnet | J7: 268 | K7: 46030 | L7: RE-2026-0012
A8: A-26-005 | B8: 46031 | C8: 10019 | D8: Physiotherapie am Alaunpark | E8: Leipziger Straße 158b | F8: Wartung | G8: Wartung Gas-Brennwertkessel | H8: AY | I8: abgerechnet | J8: pauschal 139,- | K8: 46031
A9: A-26-006 | B9: 46034 | C9: 10030 | D9: Autohaus Pieschen GmbH | E9: Bergstraße 11 | F9: Heizungstausch | G9: Austausch Gaskessel gegen Brennwert | H9: MR/LW | I9: abgerechnet | J9: 15.178,00 € | K9: 46078
A10: A-26-007 | B10: 46034 | D10: Praxis Dr. med. dent. Lehmann | E10: Wiener Straße 33 | F10: Heizungstausch | G10: Austausch Gaskessel gegen Brennwert | H10: MR/LW | I10: abgerechnet | J10: 13245 | K10: 46083 | L10: RE-2026-0009, RE-2026-0067
A11: A-26-008 | B11: 46034 | C11: 10064 | D11: Engel, Grit | E11: Hechtstraße 35 | F11: Hydr. Abgleich | G11: Hydraulischer Abgleich | H11: DH | I11: abgerechnet | J11: 1358 | K11: 46036 | L11: RE-2026-0022
A12: A-26-009 | B12: 12/01/26 | C12: 10066 | D12: Fr. Petzold | E12: Louisenstraße 122 | F12: Notdienst | G12: Heizungsausfall Wochenende | H12: JK | I12: abgerechnet | J12: nach Aufwand | K12: 46035 | L12: RE-2026-0024
A13: A-26-010 | B13: 46034 | C13: 10070 | D13: Bäckerei Hoffmann | E13: Königsbrücker Straße 56 | F13: Reparatur | G13: Heizung ohne Funktion | H13: DH | I13: abgerechnet | J13: 923 | K13: 46036 | L13: RE-2026-0013
A14: A-26-011 | B14: 46034 | D14: Nadine Neumann | E14: Hechtstraße 176b | F14: Badsanierung | G14: Badumbau barrierefrei | H14: MR/LW | I14: abgerechnet | J14: 21082 | K14: 46058 | L14: RE-2026-0010, RE-2026-0049
A15: A-26-012 | B15: 46034 | C15: 10080 | D15: Tierarztpraxis Dr. Fiedler | E15: Pirnaer Landstraße 48 | F15: Wartung | G15: Wartung Gas-Brennwertkessel | H15: MR | I15: abgerechnet | J15: 149 | K15: 46036 | L15: RE-2026-0023
A16: A-26-013 | B16: 13.01.2026 | C16: 10024 | D16: Mirko Vogel | E16: Cossebauder Straße 10 | F16: Reparatur | G16: Heizung ohne Funktion | H16: JK | I16: abgerechnet | J16: nach Aufwand | K16: KW 3 | L16: RE-2026-0016
A17: A-26-014 | B17: 46035 | C17: 10070 | D17: Bäckerei Hoffmann | E17: Königsbrücker Straße 56 | F17: Wartung | G17: Wartung Ölheizung | H17: JK | I17: abgerechnet | J17: pauschal 139,- | K17: 46041
A18: A-26-015 | B18: 46035 | C18: 10110 | D18: Malerbetrieb Thiele | E18: Altenberger Straße 44 | F18: Wartung | G18: Wartung Ölheizung | H18: JK | I18: abgerechnet | J18: 189 | K18: 46036 | L18: RE-2026-0011
A19: A-26-016 | B19: 46035 | C19: 10128 | D19: Braun, Ute | E19: Meißner Landstraße 50 | F19: Wartung | G19: Wartung Ölheizung | H19: JK | I19: abgerechnet | J19: 139 | K19: 46038 | L19: RE-2026-0026
A20: A-26-017 | B20: 46036 | C20: 10103 | D20: Kita Sonnenblume | E20: Stauffenbergallee 22b | F20: Wartung | G20: Jahreswartung Gastherme | H20: JK | I20: abgerechnet | J20: 139,00 € | K20: 46041 | L20: RE-2026-0019
A21: A-26-018 | B21: 19.01.2026 | C21: 10016 | D21: Göbel, Sandra | E21: Bahnhofstraße 33 | F21: Wartung | G21: Wartung Wärmepumpe | H21: JK | I21: abgerechnet | J21: 139 | K21: 46042 | L21: RE-2026-0015
A22: A-26-019 | B22: 46041 | C22: 10082 | D22: Städtische Wohnungsgesellschaft Freital mbH | E22: Chemnitzer Straße 85 | F22: Wartung | G22: Wartung Ölheizung | H22: JK | I22: abgerechnet | J22: pauschal 149,- | K22: 46041 | L22: RE-2026-0025
A23: A-26-020 | B23: 46041 | C23: 10103 | D23: Kita Sonnenblume | E23: Stauffenbergallee 22b | F23: Wartung | G23: Wartung Wärmepumpe | H23: JK | I23: abgerechnet | J23: 139 | K23: KW 4 | L23: RE-2026-0031
A24: A-26-021 | B24: 46042 | D24: Seidel, Uwe | E24: Schandauer Straße 98 | F24: Wartung | G24: Wartung Gas-Brennwertkessel | H24: JK | I24: abgerechnet | J24: pauschal 139,- | K24: 46042 | L24: RE-2026-0020
A25: A-26-022 | B25: 20/01/26 | D25: Müller-Bau | E25: Radeburger Straße 5 | F25: Montage | G25: Einbau Enthärtungsanlage | H25: JK | I25: storniert | J25: 843
A26: A-26-023 | B26: 21.01.2026 | C26: 10030 | D26: Autohaus Pieschen GmbH | E26: Bergstraße 11 | F26: Montage | G26: Austausch Warmwasserspeicher | H26: JK | I26: abgerechnet | J26: nach Aufwand | K26: 46049 | L26: RE-2026-0038
A27: A-26-024 | B27: 46044 | C27: 10035 | D27: Café Neustadt UG | E27: Cossebauder Straße 153b | F27: Wartung | G27: Wartung Ölheizung | H27: JK | I27: abgerechnet | J27: 159 | K27: 46045 | L27: RE-2026-0027
A28: A-26-025 | B28: 46044 | C28: 10072 | D28: Kindergarten Elbspatzen e.V. | E28: Königsbrücker Straße 33b | F28: Reparatur | G28: Austausch Thermostatventil | H28: MR | I28: abgerechnet | J28: 578 | K28: 46045 | L28: RE-2026-0033
A29: A-26-026 | B29: 46045 | C29: 10075 | D29: Rainer Engel | E29: Nürnberger Straße 9 | F29: Reparatur | G29: Armatur tropft | H29: JK | I29: abgerechnet | J29: 534 | K29: 46051 | L29: RE-2026-0042
A30: A-26-027 | B30: 46045 | C30: 10121 | D30: Druckerei Lindner GmbH | E30: Wehlener Straße 135 | F30: Reparatur | G30: Druckverlust Heizung | H30: AY | I30: storniert
A31: A-26-028 | B31: 46048 | C31: 10027 | D31: Hausverwaltung Kröber | E31: Stauffenbergallee 98 | F31: Notdienst | G31: Heizungsausfall Wochenende | H31: JK | I31: abgerechnet | J31: 484 | K31: 46050 | L31: RE-2026-0029
A32: A-26-029 | B32: 46049 | C32: 10032 | D32: Uwe Grafe | E32: Kesselsdorfer Straße 150 | F32: Wartung | G32: Jahreswartung Gastherme | H32: DH | I32: abgerechnet | J32: 139 | K32: 46049 | L32: RE-2026-0041
A33: A-26-030 | B33: 46049 | C33: 10053 | D33: Ullrich, Anja | E33: Rudolf-Leonhard-Straße 114 | F33: Wartung | G33: Wartung Gas-Brennwertkessel | H33: AY | I33: abgerechnet | J33: 189 | K33: 46049 | L33: RE-2026-0035
A34: A-26-031 | B34: 46050 | C34: 10136 | D34: Werner, Susanne | E34: Cossebauder Straße 101a | F34: Wartung | G34: Wartung Gas-Brennwertkessel | H34: DH | I34: erledigt | J34: pauschal 139,- | K34: 46050
A35: A-26-032 | B35: 46051 | C35: 10024 | D35: Hr. Vogel | E35: Cossebauder Straße 10 | F35: Heizungstausch | G35: Einbau Wärmepumpe Luft/Wasser | H35: MR/KS | I35: abgerechnet | J35: 15862 | K35: 46079 | L35: RE-2026-0043, RE-2026-0071
A36: A-26-033 | B36: 29/01/26 | C36: 10056 | D36: Wohnungsbaugenossenschaft Johannstadt eG | E36: Leipziger Straße 20 | F36: Strangsanierung | G36: Strangsanierung Abwasser + TW | H36: MR/LW | I36: abgerechnet | J36: 41417 | K36: 46086
A37: A-26-034 | B37: 29.01.2026 | C37: 10067 | D37: Elektro Müller e.K. | E37: Pirnaer Landstraße 88 | F37: Reparatur | G37: Siphon undicht | H37: DH | I37: abgerechnet | J37: 959 | K37: 46052 | L37: RE-2026-0039
A38: A-26-035 | B38: 30.1.26 | C38: 10045 | D38: Müller Bau GmbH | E38: Radeburger Straße 5 | F38: Reparatur | G38: Spülkasten läuft nach | H38: AY | I38: abgerechnet | J38: 374 | K38: 46052 | L38: RE-2026-0032
A39: A-26-036 | B39: 46052 | C39: 10050 | D39: WEG-Verwaltung Blasewitz | E39: Chemnitzer Straße 19 | F39: Trinkwasser | G39: Spülung Trinkwasseranlage | H39: AY | I39: abgerechnet | J39: 420 | K39: 46058
A40: A-26-037 | B40: 46052 | C40: 10065 | D40: Wagner, Yvonne | E40: Louisenstraße 116a | F40: Montage | G40: Montage Heizkörper | H40: DH | I40: abgerechnet | J40: 532 | K40: 46058 | L40: RE-2026-0045
A41: A-26-038 | B41: 46052 | D41: Uwe Bauer | E41: Alaunstraße 127 | F41: Heizungstausch | G41: Heizungsmodernisierung | H41: MR/KS | I41: abgerechnet | J41: 13667 | K41: 46099 | L41: RE-2026-0037, RE-2026-0088
D42: Summe Januar 2026 | J42: =SUBTOTAL(9,J4:J41) -> 130582
A44: A-26-039 | B44: 02.02.2026 | C44: 10083 | D44: Fr. Schwarz | E44: Gartenstraße 85 | F44: Wartung | G44: Jahreswartung Gastherme | H44: JK | I44: abgerechnet | J44: 159 | K44: 46055
A45: A-26-040 | B45: 03/02/26 | C45: 10023 | D45: Müller GmbH & Co.KG | E45: Großenhainer Straße 101 | F45: Notdienst | G45: Verstopfung Grundleitung | H45: JK | I45: abgerechnet | J45: 259 | K45: 46056 | L45: RE-2026-0047
A46: A-26-041 | B46: 03.02.2026 | C46: 10056 | D46: Wohnungsbaugenossenschaft Johannstadt eG | E46: Stauffenbergallee 79 | F46: Strangsanierung | G46: Strangsanierung Trinkwasser | H46: MR/KS | I46: abgerechnet | J46: 34192 | K46: 46086
A47: A-26-042 | B47: 46058 | C47: 10027 | D47: Hausverwaltung Kröber | E47: Stauffenbergallee 98 | F47: Notdienst | G47: Wasserschaden Keller | H47: MR | I47: abgerechnet | J47: 283 | K47: 46062 | L47: RE-2026-0052
A48: A-26-043 | B48: 46062 | C48: 10045 | D48: Fa. Müller Bau | E48: Radeburger Straße 5 | F48: Notdienst | G48: Verstopfung Grundleitung | H48: JK | I48: abgerechnet | J48: 217 | K48: 46066 | L48: RE-2026-0054
A49: A-26-044 | B49: 46062 | C49: 10092 | D49: Zimmermann, Martin | E49: Hechtstraße 151 | F49: Reparatur | G49: Spülkasten läuft nach | H49: DH | I49: abgerechnet | J49: 1067 | K49: 46064 | L49: RE-2026-0059
A50: A-26-045 | B50: 46063 | C50: 10041 | D50: Fitnessstudio ElbeFit GmbH | E50: Bahnhofstraße 142 | F50: Trinkwasser | G50: Legionellenprüfung | H50: MR | I50: abgerechnet | J50: 425,00 € | K50: 46063 | L50: RE-2026-0053
A51: A-26-046 | B51: 10.02.2026 | C51: 10082 | D51: Städtische Wohnungsgesellschaft Freital mbH | E51: Chemnitzer Straße 85 | F51: Reparatur | G51: Austausch Thermostatventil | H51: MR | I51: abgerechnet | J51: 370 | K51: 46063
A52: A-26-047 | B52: 46065 | D52: Wohnungsgen. Elbtal | E52: Omsewitzer Ring 2 | F52: Montage | G52: Austausch Warmwasserspeicher | H52: JK | I52: storniert | J52: 973
A53: A-26-048 | B53: 12.02.2026 | C53: 10127 | D53: Fr. Pohl | E53: Teplitzer Straße 117 | F53: Notdienst | G53: Heizungsausfall Wochenende | H53: DH | I53: abgerechnet | J53: 318,00 € | K53: 46069 | L53: RE-2026-0058
A54: A-26-049 | B54: 46066 | C54: 10002 | D54: Restaurant Zum Goldenen Anker GmbH | E54: Gamigstraße 52 | F54: Wartung | G54: Wartung Wärmepumpe | H54: JK | I54: abgerechnet | J54: 189,00 € | K54: 46071
A55: A-26-050 | B55: 46066 | D55: Antje Seidel | E55: Hansastraße 131a | F55: Montage | G55: Montage Heizkörper | H55: DH | I55: abgerechnet | J55: 1.149,00 € | K55: 46071
A56: A-26-051 | B56: 13.2.26 | D56: Becker, Ralf | E56: Görlitzer Straße 156 | F56: Wartung | G56: Wartung Ölheizung | H56: DH | I56: abgerechnet | J56: 189 | K56: 46066 | L56: RE-2026-0050
A57: A-26-052 | B57: 46066 | C57: 10118 | D57: Ludwig, Gabriele | E57: Prießnitzstraße 98 | F57: Montage | G57: Austausch Warmwasserspeicher | H57: Yılmaz | I57: abgerechnet | J57: 723 | K57: 46066
A58: A-26-053 | B58: 46066 | C58: 10133 | D58: Frank, Franziska | E58: Stauffenbergallee 156a | F58: Heizungstausch | G58: Austausch Gaskessel gegen Brennwert | H58: MR/LW | I58: abgerechnet | J58: 16431 | K58: 46108 | L58: RE-2026-0057, RE-2026-0100
A59: A-26-054 | B59: 20/02/26 | D59: Blumen Kretschmar | E59: Rudolf-Leonhard-Straße 2 | F59: Reparatur | G59: Austausch Thermostatventil | H59: MR | I59: abgerechnet | J59: 615 | K59: 46077 | L59: RE-2026-0068
A60: A-26-055 | B60: 46076 | C60: 10005 | D60: Wohnungsgenossenschaft Elbtal eG | E60: Amalie-Dietrich-Platz 3 | F60: Notdienst | G60: Rohrbruch Küche | H60: AY | I60: abgerechnet | J60: 386,00 € | K60: 46076 | L60: RE-2026-0064
A61: A-26-056 | B61: 46076 | C61: 10027 | D61: Hausverwaltung Kröber | E61: Chemnitzer Straße 45 | F61: Trinkwasser | G61: Spülung Trinkwasseranlage | H61: Kowalski | I61: abgerechnet | J61: 376 | K61: 46078 | L61: RE-2026-0066
A62: A-26-057 | B62: 46076 | C62: 10062 | D62: Hr. Uhlig | E62: Martin-Luther-Straße 99b | F62: Reparatur | G62: Armatur tropft | H62: JK | I62: abgerechnet | J62: 104,00 € | K62: 46077 | L62: RE-2026-0062
A63: A-26-058 | B63: 24.02.2026 | C63: 10119 | D63: Hoffmann, Klaus | E63: Borsbergstr. 22 | F63: Wartung | G63: Wartung Wärmepumpe | H63: DH | I63: abgerechnet | J63: pauschal 139,- | K63: 46078 | L63: RE-2026-0073
A64: A-26-059 | B64: 46078 | C64: 10010 | D64: Wagner, Martin | E64: Cossebauder Straße 58 | F64: Hydr. Abgleich | G64: Hydraulischer Abgleich | H64: DH | I64: abgerechnet | J64: 788 | K64: 46078 | L64: RE-2026-0061
D65: Summe Februar 2026 | J65: =SUBTOTAL(9,J44:J64) -> 56642
A67: A-26-060 | B67: 02/03/26 | D67: Mueller GmbH | E67: Großenhainer Straße 101 | F67: Wartung | G67: Wartung Wärmepumpe | H67: JK | I67: abgerechnet | J67: 139 | K67: 46084 | L67: RE-2026-0074
A68: A-26-061 | B68: 46083 | C68: 10082 | D68: Städtische Wohnungsgesellschaft Freital mbH | E68: Freiberger Straße 77 | F68: Wartung | G68: Wartung Ölheizung | H68: DH | I68: abgerechnet | J68: 149 | K68: 46085 | L68: RE-2026-0070
A69: A-26-062 | B69: 46083 | D69: Schulz, Michael | E69: Grundstraße 64 | F69: Hydr. Abgleich | G69: Hydr. Abgleich + Pumpentausch | H69: JK | I69: abgerechnet | J69: 986 | K69: 46087 | L69: RE-2026-0078
A70: A-26-063 | B70: 46083 | C70: 10122 | D70: Dagmar Rößler | E70: Hauptstraße 35 | F70: Heizungstausch | G70: Einbau Wärmepumpe Luft/Wasser | H70: DH/LW | I70: abgerechnet | J70: 14234 | K70: 46107 | L70: RE-2026-0075, RE-2026-0098
A71: A-26-064 | B71: 46083 | C71: 10131 | D71: Müller, Heike | E71: Am Hang 3 | F71: Reparatur | G71: Druckverlust Heizung | H71: DH | I71: abgerechnet | J71: 841 | K71: 46083 | L71: RE-2026-0069
A72: A-26-065 | B72: 46090 | C72: 10106 | D72: Becker, Ralf | E72: Görlitzer Straße 156 | F72: Wartung | G72: Wartung Ölheizung | H72: DH | I72: erledigt | J72: 149 | K72: 46093
A73: A-26-066 | B73: 46091 | C73: 10027 | D73: Hausverwaltung Kröber | E73: Nürnberger Straße 73 | F73: Notdienst | G73: Heizungsausfall Wochenende | H73: JK | I73: abgerechnet | J73: 366 | K73: 46094
A74: A-26-067 | B74: 10.3.26 | D74: Müller-Bau | E74: Baustelle Radebeul, Meißner Str. 210 | F74: Montage | G74: Montage Sanitärobjekte Baustelle Radebeul | H74: AY | I74: abgerechnet | J74: 4380 | K74: 46099 | L74: RE-2026-0087, RE-2026-0091
A75: A-26-068 | B75: 46092 | C75: 10070 | D75: Bäckerei Hoffmann | E75: Königsbrücker Straße 56 | F75: Montage | G75: Einbau Enthärtungsanlage | H75: Yılmaz | I75: abgerechnet | J75: 1548 | K75: 46092 | L75: RE-2026-0084
A76: A-26-069 | B76: 46092 | C76: 10101 | D76: Seniorenresidenz Am Großen Garten | E76: Tolkewitzer Straße 125a | F76: Reparatur | G76: Armatur tropft | H76: JK | I76: erledigt | J76: 1093 | K76: 46092
A77: A-26-070 | B77: 46092 | D77: Heinrich, Jana | E77: Großenhainer Straße 15 | F77: Heizungstausch | G77: Austausch Gaskessel gegen Brennwert | H77: MR/KS | I77: abgerechnet | J77: ca. 15930 | K77: KW 16 | L77: RE-2026-0081, RE-2026-0105
A78: A-26-071 | B78: 13.3.26 | D78: Immobilienverwaltung Weißer Hirsch GmbH | E78: Louisenstraße 16 | F78: Wartung | G78: Wartung Ölheizung | H78: JK | I78: abgerechnet | J78: 139,00 € | K78: 46094
A79: A-26-072 | B79: 13.3.26 | C79: 10099 | D79: Hotel Elbblick GmbH | E79: Chemnitzer Straße 133 | F79: Trinkwasser | G79: Trinkwasseruntersuchung | H79: AY | I79: abgerechnet | J79: ca. 450 | K79: 46094
A80: A-26-073 | B80: 46097 | C80: 10056 | D80: Wohnungsbaugenossenschaft Johannstadt | E80: Leipziger Straße 20 | F80: Trinkwasser | G80: Legionellenprüfung | H80: MR | I80: abgerechnet | J80: 279 | K80: 46097 | L80: RE-2026-0079
A81: A-26-074 | B81: 46097 | C81: 10130 | D81: Thiele, Ines | E81: Hamburger Straße 21 | F81: Reparatur | G81: Heizung ohne Funktion | H81: JK | I81: abgerechnet | J81: 108 | K81: 46101 | L81: RE-2026-0092
A82: A-26-075 | B82: 17.3.26 | C82: 10014 | D82: Hofmann, Klaus | E82: Borsbergstraße 22 | F82: Badsanierung | G82: Badumbau barrierefrei | H82: AY/KS | I82: abgerechnet | J82: 11466 | K82: 46135 | L82: RE-2026-0083, RE-2026-0116
A83: A-26-076 | B83: 17/03/26 | D83: ZA-Praxis Lehmann | E83: Wiener Straße 33 | F83: Wartung | G83: Wartung Gas-Brennwertkessel | H83: AY | I83: abgerechnet | J83: 139 | K83: 46100 | L83: RE-2026-0086
A84: A-26-077 | B84: 46100 | C84: 10034 | D84: Franke, Dagmar | E84: Freiberger Straße 153b | F84: Heizungstausch | G84: Heizungsmodernisierung | H84: AY/KS | I84: abgerechnet | J84: 9904 | K84: 46148 | L84: RE-2026-0085, RE-2026-0123
A85: A-26-078 | B85: 46104 | C85: 10002 | D85: Restaurant Zum Goldenen Anker GmbH | E85: Gamigstraße 52 | F85: Trinkwasser | G85: Spülung Trinkwasseranlage | H85: MR | I85: abgerechnet | J85: 265 | K85: 46106 | L85: RE-2026-0096
A86: A-26-079 | B86: 46104 | D86: WEG-Verwaltung Blasewitz | E86: Martin-Luther-Straße 55 | F86: Trinkwasser | G86: Legionellenprüfung | H86: JK | I86: abgerechnet | J86: 477 | K86: 46108
A87: A-26-080 | B87: 46104 | C87: 10133 | D87: Franziska Frank | E87: Stauffenbergallee 156a | F87: Montage | G87: Austausch Warmwasserspeicher | H87: MR | I87: abgerechnet | J87: 1326 | K87: 46105 | L87: RE-2026-0095
A88: A-26-081 | B88: 26/03/26 | C88: 10027 | D88: Hausverwaltung Kröber | E88: Nürnberger Straße 73 | F88: Notdienst | G88: Rohrbruch Küche | H88: AY | I88: abgerechnet | J88: ca. 490 | K88: 46113 | L88: RE-2026-0093
A89: A-26-082 | B89: 26.03.2026 | D89: Ebert, Ute | E89: Kesselsdorfer Straße 124 | F89: Wartung | G89: Wartung Ölheizung | H89: AY | I89: abgerechnet | J89: 159 | K89: 46107
A90: A-26-083 | B90: 46111 | C90: 10077 | D90: Hr. Schwarz | E90: Görlitzer Straße 121 | F90: Montage | G90: Montage Wand-WC | H90: MR | I90: abgerechnet | J90: 748 | K90: 46113 | L90: RE-2026-0097
A91: A-26-084 | B91: 30.03.2026 | C91: 10113 | D91: Gerd Schwarz | E91: Tolkewitzer Straße 48 | F91: Montage | G91: Einbau Enthärtungsanlage | H91: DH | I91: abgerechnet | J91: 288 | K91: 46111 | L91: RE-2026-0094
D92: Summe März 2026 | J92: =SUBTOTAL(9,J67:J91) -> 49044
A94: A-26-085 | B94: 7.4.26 | C94: 10027 | D94: Hausverwaltung Kröber | E94: Stauffenbergallee 98 | F94: Wartung | G94: Wartung Gas-Brennwertkessel | H94: JK | I94: storniert | J94: 139
A95: A-26-086 | B95: 46119 | C95: 10092 | D95: Zimmermann, Martin | E95: Hechtstraße 151 | F95: Reparatur | G95: Druckverlust Heizung | H95: DH | I95: abgerechnet | J95: 166 | K95: 46120 | L95: RE-2026-0101
A96: A-26-087 | B96: 46121 | C96: 10025 | D96: Vogel, Rainer | E96: Dohnaer Straße 1 | F96: Wartung | G96: Wartung Ölheizung | H96: JK | I96: abgerechnet | J96: 139 | K96: 46121 | L96: RE-2026-0104
A97: A-26-088 | B97: 10.04.2026 | C97: 10011 | D97: Wagner, Volker | E97: Pillnitzer Landstraße 80a | F97: Wartung | G97: Wartung Wärmepumpe | H97: MR | I97: abgerechnet | J97: 159 | K97: 46128 | L97: RE-2026-0110
A98: A-26-089 | B98: 46125 | C98: 10005 | D98: WG Elbtal | E98: Merianplatz 9 | F98: Wartung | G98: Wartung Ölheizung | H98: MR | I98: abgerechnet | J98: 189 | K98: 46127 | L98: RE-2026-0107
A99: A-26-090 | B99: 46125 | C99: 10047 | D99: Hr. Krause | E99: Kesselsdorfer Straße 65 | F99: Montage | G99: Montage Wand-WC | H99: AY | I99: abgerechnet | J99: 751,00 € | K99: 46125 | L99: RE-2026-0111
A100: A-26-091 | B100: 13/04/26 | C100: 10072 | D100: Kindergarten Elbspatzen e.V. | E100: Königsbrücker Straße 33b | F100: Trinkwasser | G100: Spülung Trinkwasseranlage | H100: DH | I100: storniert | J100: nach Aufwand
A101: A-26-092 | B101: 46125 | C101: 10079 | D101: Wolf, Hans-Jürgen | E101: Bergstraße 180a | F101: Wartung | G101: Wartung Ölheizung | H101: JK | I101: abgerechnet | J101: 189 | K101: 46126
A102: A-26-093 | B102: 13.04.2026 | C102: 10099 | D102: Hotel Elbblick GmbH | E102: Chemnitzer Straße 133 | F102: Trinkwasser | G102: Legionellenprüfung | H102: JK | I102: abgerechnet | J102: 477,00 € | K102: 46125 | L102: RE-2026-0109
A103: A-26-094 | B103: 14/04/26 | C103: 10067 | D103: Elektro Müller e.K. | E103: Pirnaer Landstraße 88 | F103: Reparatur | G103: Austausch Thermostatventil | H103: JK | I103: erledigt | J103: nach Aufwand | K103: 46129
...

Sheet Auswertung
A1: Aufträge 2026 je Monteur und Monat
A3: Monteur | B3: Jan | C3: Feb | D3: Mär | E3: Apr | F3: Mai | G3: Jun | H3: Jul | I3: Aug | J3: Sep | K3: Okt | L3: Gesamt
A4: TB | B4: =COUNTIFS('2026'!H:H,"*TB*",'2026'!B:B,">="&DATE(2026,1,1),'2026'!B:B,"<"&DATE(2026,2,1)) -> 0 | C4: =COUNTIFS('2026'!H:H,"*TB*",'2026'!B:B,">="&DATE(2026,2,1),'2026'!B:B,"<"&DATE(2026,3,1)) -> 0 | D4: =COUNTIFS('2026'!H:H,"*TB*",'2026'!B:B,">="&DATE(2026,3,1),'2026'!B:B,"<"&DATE(2026,4,1)) -> 0 | E4: =COUNTIFS('2026'!H:H,"*TB*",'2026'!B:B,">="&DATE(2026,4,1),'2026'!B:B,"<"&DATE(2026,5,1)) -> 0 | F4: =COUNTIFS('2026'!H:H,"*TB*",'2026'!B:B,">="&DATE(2026,5,1),'2026'!B:B,"<"&DATE(2026,6,1)) -> 0 | G4: =COUNTIFS('2026'!H:H,"*TB*",'2026'!B:B,">="&DATE(2026,6,1),'2026'!B:B,"<"&DATE(2026,7,1)) -> 0 | H4: =COUNTIFS('2026'!H:H,"*TB*",'2026'!B:B,">="&DATE(2026,7,1),'2026'!B:B,"<"&DATE(2026,8,1)) -> 0 | I4: =COUNTIFS('2026'!H:H,"*TB*",'2026'!B:B,">="&DATE(2026,8,1),'2026'!B:B,"<"&DATE(2026,9,1)) -> 0 | J4: =COUNTIFS('2026'!H:H,"*TB*",'2026'!B:B,">="&DATE(2026,9,1),'2026'!B:B,"<"&DATE(2026,10,1)) -> 0 | K4: =COUNTIFS('2026'!H:H,"*TB*",'2026'!B:B,">="&DATE(2026,10,1),'2026'!B:B,"<"&DATE(2026,11,1)) -> 1 | L4: =SUM(B4:K4) -> 1
A5: JK | B5: =COUNTIFS('2026'!H:H,"*JK*",'2026'!B:B,">="&DATE(2026,1,1),'2026'!B:B,"<"&DATE(2026,2,1)) -> 16 | C5: =COUNTIFS('2026'!H:H,"*JK*",'2026'!B:B,">="&DATE(2026,2,1),'2026'!B:B,"<"&DATE(2026,3,1)) -> 7 | D5: =COUNTIFS('2026'!H:H,"*JK*",'2026'!B:B,">="&DATE(2026,3,1),'2026'!B:B,"<"&DATE(2026,4,1)) -> 7 | E5: =COUNTIFS('2026'!H:H,"*JK*",'2026'!B:B,">="&DATE(2026,4,1),'2026'!B:B,"<"&DATE(2026,5,1)) -> 9 | F5: =COUNTIFS('2026'!H:H,"*JK*",'2026'!B:B,">="&DATE(2026,5,1),'2026'!B:B,"<"&DATE(2026,6,1)) -> 12 | G5: =COUNTIFS('2026'!H:H,"*JK*",'2026'!B:B,">="&DATE(2026,6,1),'2026'!B:B,"<"&DATE(2026,7,1)) -> 10 | H5: =COUNTIFS('2026'!H:H,"*JK*",'2026'!B:B,">="&DATE(2026,7,1),'2026'!B:B,"<"&DATE(2026,8,1)) -> 5 | I5: =COUNTIFS('2026'!H:H,"*JK*",'2026'!B:B,">="&DATE(2026,8,1),'2026'!B:B,"<"&DATE(2026,9,1)) -> 6 | J5: =COUNTIFS('2026'!H:H,"*JK*",'2026'!B:B,">="&DATE(2026,9,1),'2026'!B:B,"<"&DATE(2026,10,1)) -> 19 | K5: =COUNTIFS('2026'!H:H,"*JK*",'2026'!B:B,">="&DATE(2026,10,1),'2026'!B:B,"<"&DATE(2026,11,1)) -> 4 | L5: =SUM(B5:K5) -> 95
A6: MR | B6: =COUNTIFS('2026'!H:H,"*MR*",'2026'!B:B,">="&DATE(2026,1,1),'2026'!B:B,"<"&DATE(2026,2,1)) -> 9 | C6: =COUNTIFS('2026'!H:H,"*MR*",'2026'!B:B,">="&DATE(2026,2,1),'2026'!B:B,"<"&DATE(2026,3,1)) -> 6 | D6: =COUNTIFS('2026'!H:H,"*MR*",'2026'!B:B,">="&DATE(2026,3,1),'2026'!B:B,"<"&DATE(2026,4,1)) -> 5 | E6: =COUNTIFS('2026'!H:H,"*MR*",'2026'!B:B,">="&DATE(2026,4,1),'2026'!B:B,"<"&DATE(2026,5,1)) -> 4 | F6: =COUNTIFS('2026'!H:H,"*MR*",'2026'!B:B,">="&DATE(2026,5,1),'2026'!B:B,"<"&DATE(2026,6,1)) -> 6 | G6: =COUNTIFS('2026'!H:H,"*MR*",'2026'!B:B,">="&DATE(2026,6,1),'2026'!B:B,"<"&DATE(2026,7,1)) -> 7 | H6: =COUNTIFS('2026'!H:H,"*MR*",'2026'!B:B,">="&DATE(2026,7,1),'2026'!B:B,"<"&DATE(2026,8,1)) -> 11 | I6: =COUNTIFS('2026'!H:H,"*MR*",'2026'!B:B,">="&DATE(2026,8,1),'2026'!B:B,"<"&DATE(2026,9,1)) -> 5 | J6: =COUNTIFS('2026'!H:H,"*MR*",'2026'!B:B,">="&DATE(2026,9,1),'2026'!B:B,"<"&DATE(2026,10,1)) -> 13 | K6: =COUNTIFS('2026'!H:H,"*MR*",'2026'!B:B,">="&DATE(2026,10,1),'2026'!B:B,"<"&DATE(2026,11,1)) -> 2 | L6: =SUM(B6:K6) -> 68
A7: DH | B7: =COUNTIFS('2026'!H:H,"*DH*",'2026'!B:B,">="&DATE(2026,1,1),'2026'!B:B,"<"&DATE(2026,2,1)) -> 6 | C7: =COUNTIFS('2026'!H:H,"*DH*",'2026'!B:B,">="&DATE(2026,2,1),'2026'!B:B,"<"&DATE(2026,3,1)) -> 6 | D7: =COUNTIFS('2026'!H:H,"*DH*",'2026'!B:B,">="&DATE(2026,3,1),'2026'!B:B,"<"&DATE(2026,4,1)) -> 5 | E7: =COUNTIFS('2026'!H:H,"*DH*",'2026'!B:B,">="&DATE(2026,4,1),'2026'!B:B,"<"&DATE(2026,5,1)) -> 3 | F7: =COUNTIFS('2026'!H:H,"*DH*",'2026'!B:B,">="&DATE(2026,5,1),'2026'!B:B,"<"&DATE(2026,6,1)) -> 5 | G7: =COUNTIFS('2026'!H:H,"*DH*",'2026'!B:B,">="&DATE(2026,6,1),'2026'!B:B,"<"&DATE(2026,7,1)) -> 6 | H7: =COUNTIFS('2026'!H:H,"*DH*",'2026'!B:B,">="&DATE(2026,7,1),'2026'!B:B,"<"&DATE(2026,8,1)) -> 5 | I7: =COUNTIFS('2026'!H:H,"*DH*",'2026'!B:B,">="&DATE(2026,8,1),'2026'!B:B,"<"&DATE(2026,9,1)) -> 3 | J7: =COUNTIFS('2026'!H:H,"*DH*",'2026'!B:B,">="&DATE(2026,9,1),'2026'!B:B,"<"&DATE(2026,10,1)) -> 5 | K7: =COUNTIFS('2026'!H:H,"*DH*",'2026'!B:B,">="&DATE(2026,10,1),'2026'!B:B,"<"&DATE(2026,11,1)) -> 4 | L7: =SUM(B7:K7) -> 48
A8: AY | B8: =COUNTIFS('2026'!H:H,"*AY*",'2026'!B:B,">="&DATE(2026,1,1),'2026'!B:B,"<"&DATE(2026,2,1)) -> 7 | C8: =COUNTIFS('2026'!H:H,"*AY*",'2026'!B:B,">="&DATE(2026,2,1),'2026'!B:B,"<"&DATE(2026,3,1)) -> 2 | D8: =COUNTIFS('2026'!H:H,"*AY*",'2026'!B:B,">="&DATE(2026,3,1),'2026'!B:B,"<"&DATE(2026,4,1)) -> 8 | E8: =COUNTIFS('2026'!H:H,"*AY*",'2026'!B:B,">="&DATE(2026,4,1),'2026'!B:B,"<"&DATE(2026,5,1)) -> 2 | F8: =COUNTIFS('2026'!H:H,"*AY*",'2026'!B:B,">="&DATE(2026,5,1),'2026'!B:B,"<"&DATE(2026,6,1)) -> 3 | G8: =COUNTIFS('2026'!H:H,"*AY*",'2026'!B:B,">="&DATE(2026,6,1),'2026'!B:B,"<"&DATE(2026,7,1)) -> 11 | H8: =COUNTIFS('2026'!H:H,"*AY*",'2026'!B:B,">="&DATE(2026,7,1),'2026'!B:B,"<"&DATE(2026,8,1)) -> 10 | I8: =COUNTIFS('2026'!H:H,"*AY*",'2026'!B:B,">="&DATE(2026,8,1),'2026'!B:B,"<"&DATE(2026,9,1)) -> 4 | J8: =COUNTIFS('2026'!H:H,"*AY*",'2026'!B:B,">="&DATE(2026,9,1),'2026'!B:B,"<"&DATE(2026,10,1)) -> 7 | K8: =COUNTIFS('2026'!H:H,"*AY*",'2026'!B:B,">="&DATE(2026,10,1),'2026'!B:B,"<"&DATE(2026,11,1)) -> 0 | L8: =SUM(B8:K8) -> 54
